<?xml version="1.0"?>
<?xml-stylesheet type="text/xsl" href="flags.xsl"?>
<Flags>
<Flag filename="xx-flag.gif">World</Flag>
<Flag filename="af-flag.gif">Afghanistan</Flag>
<Flag filename="ax-flag.gif">Akrotiri</Flag>
<Flag filename="al-flag.gif">Albania</Flag>
<Flag filename="ag-flag.gif">Algeria</Flag>
<Flag filename="aq-flag.gif">American Samoa</Flag>
<Flag filename="an-flag.gif">Andorra</Flag>
<Flag filename="ao-flag.gif">Angola</Flag>
<Flag filename="av-flag.gif">Anguilla</Flag>
<Flag filename="ay-flag.gif">Antarctica</Flag>
<Flag filename="ac-flag.gif">Antigua and Barbuda</Flag>
<Flag filename="xq-flag.gif">Arctic Ocean</Flag>
<Flag filename="ar-flag.gif">Argentina</Flag>
<Flag filename="am-flag.gif">Armenia</Flag>
<Flag filename="aa-flag.gif">Aruba</Flag>
<Flag filename="at-flag.gif">Ashmore and Cartier Islands</Flag>
<Flag filename="zh-flag.gif">Atlantic Ocean</Flag>
<Flag filename="as-flag.gif">Australia</Flag>
<Flag filename="au-flag.gif">Austria</Flag>
<Flag filename="aj-flag.gif">Azerbaijan</Flag>
<Flag filename="bf-flag.gif">Bahamas, The</Flag>
<Flag filename="ba-flag.gif">Bahrain</Flag>
<Flag filename="fq-flag.gif">Baker Island</Flag>
<Flag filename="bg-flag.gif">Bangladesh</Flag>
<Flag filename="bb-flag.gif">Barbados</Flag>
<Flag filename="bs-flag.gif">Bassas da India</Flag>
<Flag filename="bo-flag.gif">Belarus</Flag>
<Flag filename="be-flag.gif">Belgium</Flag>
<Flag filename="bh-flag.gif">Belize</Flag>
<Flag filename="bn-flag.gif">Benin</Flag>
<Flag filename="bd-flag.gif">Bermuda</Flag>
<Flag filename="bt-flag.gif">Bhutan</Flag>
<Flag filename="bl-flag.gif">Bolivia</Flag>
<Flag filename="bk-flag.gif">Bosnia and Herzegovina</Flag>
<Flag filename="bc-flag.gif">Botswana</Flag>
<Flag filename="bv-flag.gif">Bouvet Island</Flag>
<Flag filename="br-flag.gif">Brazil</Flag>
<Flag filename="io-flag.gif">British Indian Ocean Territory</Flag>
<Flag filename="vi-flag.gif">British Virgin Islands</Flag>
<Flag filename="bx-flag.gif">Brunei</Flag>
<Flag filename="bu-flag.gif">Bulgaria</Flag>
<Flag filename="uv-flag.gif">Burkina Faso</Flag>
<Flag filename="bm-flag.gif">Burma</Flag>
<Flag filename="by-flag.gif">Burundi</Flag>
<Flag filename="cb-flag.gif">Cambodia</Flag>
<Flag filename="cm-flag.gif">Cameroon</Flag>
<Flag filename="ca-flag.gif">Canada</Flag>
<Flag filename="cv-flag.gif">Cape Verde</Flag>
<Flag filename="cj-flag.gif">Cayman Islands</Flag>
<Flag filename="ct-flag.gif">Central African Republic</Flag>
<Flag filename="cd-flag.gif">Chad</Flag>
<Flag filename="ci-flag.gif">Chile</Flag>
<Flag filename="ch-flag.gif">China</Flag>
<Flag filename="kt-flag.gif">Christmas Island</Flag>
<Flag filename="ip-flag.gif">Clipperton Island</Flag>
<Flag filename="ck-flag.gif">Cocos (Keeling) Islands</Flag>
<Flag filename="co-flag.gif">Colombia</Flag>
<Flag filename="cn-flag.gif">Comoros</Flag>
<Flag filename="cg-flag.gif">Congo, Democratic Republic of the</Flag>
<Flag filename="cf-flag.gif">Congo, Republic of the</Flag>
<Flag filename="cw-flag.gif">Cook Islands</Flag>
<Flag filename="cr-flag.gif">Coral Sea Islands</Flag>
<Flag filename="cs-flag.gif">Costa Rica</Flag>
<Flag filename="iv-flag.gif">Cote d'Ivoire</Flag>
<Flag filename="hr-flag.gif">Croatia</Flag>
<Flag filename="cu-flag.gif">Cuba</Flag>
<Flag filename="cy-flag.gif">Cyprus</Flag>
<Flag filename="ez-flag.gif">Czech Republic</Flag>
<Flag filename="da-flag.gif">Denmark</Flag>
<Flag filename="dx-flag.gif">Dhekelia</Flag>
<Flag filename="dj-flag.gif">Djibouti</Flag>
<Flag filename="do-flag.gif">Dominica</Flag>
<Flag filename="dr-flag.gif">Dominican Republic</Flag>
<Flag filename="tt-flag.gif">East Timor</Flag>
<Flag filename="ec-flag.gif">Ecuador</Flag>
<Flag filename="eg-flag.gif">Egypt</Flag>
<Flag filename="es-flag.gif">El Salvador</Flag>
<Flag filename="ek-flag.gif">Equatorial Guinea</Flag>
<Flag filename="er-flag.gif">Eritrea</Flag>
<Flag filename="en-flag.gif">Estonia</Flag>
<Flag filename="et-flag.gif">Ethiopia</Flag>
<Flag filename="eu-flag.gif">Europa Island</Flag>
<Flag filename="fk-flag.gif">Falkland Islands (Islas Malvinas)</Flag>
<Flag filename="fo-flag.gif">Faroe Islands</Flag>
<Flag filename="fj-flag.gif">Fiji</Flag>
<Flag filename="fi-flag.gif">Finland</Flag>
<Flag filename="fr-flag.gif">France</Flag>
<Flag filename="fg-flag.gif">French Guiana</Flag>
<Flag filename="fp-flag.gif">French Polynesia</Flag>
<Flag filename="fs-flag.gif">French Southern and Antarctic Lands</Flag>
<Flag filename="gb-flag.gif">Gabon</Flag>
<Flag filename="ga-flag.gif">Gambia, The</Flag>
<Flag filename="gz-flag.gif">Gaza Strip</Flag>
<Flag filename="gg-flag.gif">Georgia</Flag>
<Flag filename="gm-flag.gif">Germany</Flag>
<Flag filename="gh-flag.gif">Ghana</Flag>
<Flag filename="gi-flag.gif">Gibraltar</Flag>
<Flag filename="go-flag.gif">Glorioso Islands</Flag>
<Flag filename="gr-flag.gif">Greece</Flag>
<Flag filename="gl-flag.gif">Greenland</Flag>
<Flag filename="gj-flag.gif">Grenada</Flag>
<Flag filename="gp-flag.gif">Guadeloupe</Flag>
<Flag filename="gq-flag.gif">Guam</Flag>
<Flag filename="gt-flag.gif">Guatemala</Flag>
<Flag filename="gk-flag.gif">Guernsey</Flag>
<Flag filename="gv-flag.gif">Guinea</Flag>
<Flag filename="pu-flag.gif">Guinea-Bissau</Flag>
<Flag filename="gy-flag.gif">Guyana</Flag>
<Flag filename="ha-flag.gif">Haiti</Flag>
<Flag filename="hm-flag.gif">Heard Island and McDonald Islands</Flag>
<Flag filename="vt-flag.gif">Holy See (Vatican City)</Flag>
<Flag filename="ho-flag.gif">Honduras</Flag>
<Flag filename="hk-flag.gif">Hong Kong</Flag>
<Flag filename="hq-flag.gif">Howland Island</Flag>
<Flag filename="hu-flag.gif">Hungary</Flag>
<Flag filename="ic-flag.gif">Iceland</Flag>
<Flag filename="in-flag.gif">India</Flag>
<Flag filename="xo-flag.gif">Indian Ocean</Flag>
<Flag filename="id-flag.gif">Indonesia</Flag>
<Flag filename="ir-flag.gif">Iran</Flag>
<Flag filename="iz-flag.gif">Iraq</Flag>
<Flag filename="ei-flag.gif">Ireland</Flag>
<Flag filename="is-flag.gif">Israel</Flag>
<Flag filename="it-flag.gif">Italy</Flag>
<Flag filename="jm-flag.gif">Jamaica</Flag>
<Flag filename="jn-flag.gif">Jan Mayen</Flag>
<Flag filename="ja-flag.gif">Japan</Flag>
<Flag filename="dq-flag.gif">Jarvis Island</Flag>
<Flag filename="je-flag.gif">Jersey</Flag>
<Flag filename="jq-flag.gif">Johnston Atoll</Flag>
<Flag filename="jo-flag.gif">Jordan</Flag>
<Flag filename="ju-flag.gif">Juan de Nova Island</Flag>
<Flag filename="kz-flag.gif">Kazakhstan</Flag>
<Flag filename="ke-flag.gif">Kenya</Flag>
<Flag filename="kq-flag.gif">Kingman Reef</Flag>
<Flag filename="kr-flag.gif">Kiribati</Flag>
<Flag filename="kn-flag.gif">Korea, North</Flag>
<Flag filename="ks-flag.gif">Korea, South</Flag>
<Flag filename="ku-flag.gif">Kuwait</Flag>
<Flag filename="kg-flag.gif">Kyrgyzstan</Flag>
<Flag filename="la-flag.gif">Laos</Flag>
<Flag filename="lg-flag.gif">Latvia</Flag>
<Flag filename="le-flag.gif">Lebanon</Flag>
<Flag filename="lt-flag.gif">Lesotho</Flag>
<Flag filename="li-flag.gif">Liberia</Flag>
<Flag filename="ly-flag.gif">Libya</Flag>
<Flag filename="ls-flag.gif">Liechtenstein</Flag>
<Flag filename="lh-flag.gif">Lithuania</Flag>
<Flag filename="lu-flag.gif">Luxembourg</Flag>
<Flag filename="mc-flag.gif">Macau</Flag>
<Flag filename="mk-flag.gif">Macedonia</Flag>
<Flag filename="ma-flag.gif">Madagascar</Flag>
<Flag filename="mi-flag.gif">Malawi</Flag>
<Flag filename="my-flag.gif">Malaysia</Flag>
<Flag filename="mv-flag.gif">Maldives</Flag>
<Flag filename="ml-flag.gif">Mali</Flag>
<Flag filename="mt-flag.gif">Malta</Flag>
<Flag filename="im-flag.gif">Man, Isle of</Flag>
<Flag filename="rm-flag.gif">Marshall Islands</Flag>
<Flag filename="mb-flag.gif">Martinique</Flag>
<Flag filename="mr-flag.gif">Mauritania</Flag>
<Flag filename="mp-flag.gif">Mauritius</Flag>
<Flag filename="mf-flag.gif">Mayotte</Flag>
<Flag filename="mx-flag.gif">Mexico</Flag>
<Flag filename="fm-flag.gif">Micronesia, Federated States of</Flag>
<Flag filename="mq-flag.gif">Midway Islands</Flag>
<Flag filename="md-flag.gif">Moldova</Flag>
<Flag filename="mn-flag.gif">Monaco</Flag>
<Flag filename="mg-flag.gif">Mongolia</Flag>
<Flag filename="mh-flag.gif">Montserrat</Flag>
<Flag filename="mo-flag.gif">Morocco</Flag>
<Flag filename="mz-flag.gif">Mozambique</Flag>
<Flag filename="wa-flag.gif">Namibia</Flag>
<Flag filename="nr-flag.gif">Nauru</Flag>
<Flag filename="bq-flag.gif">Navassa Island</Flag>
<Flag filename="np-flag.gif">Nepal</Flag>
<Flag filename="nl-flag.gif">Netherlands</Flag>
<Flag filename="nt-flag.gif">Netherlands Antilles</Flag>
<Flag filename="nc-flag.gif">New Caledonia</Flag>
<Flag filename="nz-flag.gif">New Zealand</Flag>
<Flag filename="nu-flag.gif">Nicaragua</Flag>
<Flag filename="ng-flag.gif">Niger</Flag>
<Flag filename="ni-flag.gif">Nigeria</Flag>
<Flag filename="ne-flag.gif">Niue</Flag>
<Flag filename="nf-flag.gif">Norfolk Island</Flag>
<Flag filename="cq-flag.gif">Northern Mariana Islands</Flag>
<Flag filename="no-flag.gif">Norway</Flag>
<Flag filename="mu-flag.gif">Oman</Flag>
<Flag filename="zn-flag.gif">Pacific Ocean</Flag>
<Flag filename="pk-flag.gif">Pakistan</Flag>
<Flag filename="ps-flag.gif">Palau</Flag>
<Flag filename="lq-flag.gif">Palmyra Atoll</Flag>
<Flag filename="pm-flag.gif">Panama</Flag>
<Flag filename="pp-flag.gif">Papua New Guinea</Flag>
<Flag filename="pf-flag.gif">Paracel Islands</Flag>
<Flag filename="pa-flag.gif">Paraguay</Flag>
<Flag filename="pe-flag.gif">Peru</Flag>
<Flag filename="rp-flag.gif">Philippines</Flag>
<Flag filename="pc-flag.gif">Pitcairn Islands</Flag>
<Flag filename="pl-flag.gif">Poland</Flag>
<Flag filename="po-flag.gif">Portugal</Flag>
<Flag filename="rq-flag.gif">Puerto Rico</Flag>
<Flag filename="qa-flag.gif">Qatar</Flag>
<Flag filename="re-flag.gif">Reunion</Flag>
<Flag filename="ro-flag.gif">Romania</Flag>
<Flag filename="rs-flag.gif">Russia</Flag>
<Flag filename="rw-flag.gif">Rwanda</Flag>
<Flag filename="sh-flag.gif">Saint Helena</Flag>
<Flag filename="sc-flag.gif">Saint Kitts and Nevis</Flag>
<Flag filename="st-flag.gif">Saint Lucia</Flag>
<Flag filename="sb-flag.gif">Saint Pierre and Miquelon</Flag>
<Flag filename="vc-flag.gif">Saint Vincent and the Grenadines</Flag>
<Flag filename="ws-flag.gif">Samoa</Flag>
<Flag filename="sm-flag.gif">San Marino</Flag>
<Flag filename="tp-flag.gif">Sao Tome and Principe</Flag>
<Flag filename="sa-flag.gif">Saudi Arabia</Flag>
<Flag filename="sg-flag.gif">Senegal</Flag>
<Flag filename="yi-flag.gif">Serbia and Montenegro</Flag>
<Flag filename="se-flag.gif">Seychelles</Flag>
<Flag filename="sl-flag.gif">Sierra Leone</Flag>
<Flag filename="sn-flag.gif">Singapore</Flag>
<Flag filename="lo-flag.gif">Slovakia</Flag>
<Flag filename="si-flag.gif">Slovenia</Flag>
<Flag filename="bp-flag.gif">Solomon Islands</Flag>
<Flag filename="so-flag.gif">Somalia</Flag>
<Flag filename="sf-flag.gif">South Africa</Flag>
<Flag filename="sx-flag.gif">South Georgia and the South Sandwich Islands</Flag>
<Flag filename="oo-flag.gif">Southern Ocean</Flag>
<Flag filename="sp-flag.gif">Spain</Flag>
<Flag filename="pg-flag.gif">Spratly Islands</Flag>
<Flag filename="ce-flag.gif">Sri Lanka</Flag>
<Flag filename="su-flag.gif">Sudan</Flag>
<Flag filename="ns-flag.gif">Suriname</Flag>
<Flag filename="sv-flag.gif">Svalbard</Flag>
<Flag filename="wz-flag.gif">Swaziland</Flag>
<Flag filename="sw-flag.gif">Sweden</Flag>
<Flag filename="sz-flag.gif">Switzerland</Flag>
<Flag filename="sy-flag.gif">Syria</Flag>
<Flag filename="ti-flag.gif">Tajikistan</Flag>
<Flag filename="tz-flag.gif">Tanzania</Flag>
<Flag filename="th-flag.gif">Thailand</Flag>
<Flag filename="to-flag.gif">Togo</Flag>
<Flag filename="tl-flag.gif">Tokelau</Flag>
<Flag filename="tn-flag.gif">Tonga</Flag>
<Flag filename="td-flag.gif">Trinidad and Tobago</Flag>
<Flag filename="te-flag.gif">Tromelin Island</Flag>
<Flag filename="ts-flag.gif">Tunisia</Flag>
<Flag filename="tu-flag.gif">Turkey</Flag>
<Flag filename="tx-flag.gif">Turkmenistan</Flag>
<Flag filename="tk-flag.gif">Turks and Caicos Islands</Flag>
<Flag filename="tv-flag.gif">Tuvalu</Flag>
<Flag filename="ug-flag.gif">Uganda</Flag>
<Flag filename="up-flag.gif">Ukraine</Flag>
<Flag filename="ae-flag.gif">United Arab Emirates</Flag>
<Flag filename="uk-flag.gif">United Kingdom</Flag>
<Flag filename="us-flag.gif">United States</Flag>
<Flag filename="uy-flag.gif">Uruguay</Flag>
<Flag filename="uz-flag.gif">Uzbekistan</Flag>
<Flag filename="nh-flag.gif">Vanuatu</Flag>
<Flag filename="ve-flag.gif">Venezuela</Flag>
<Flag filename="vm-flag.gif">Vietnam</Flag>
<Flag filename="vq-flag.gif">Virgin Islands</Flag>
<Flag filename="wq-flag.gif">Wake Island</Flag>
<Flag filename="wf-flag.gif">Wallis and Futuna</Flag>
<Flag filename="we-flag.gif">West Bank</Flag>
<Flag filename="wi-flag.gif">Western Sahara</Flag>
<Flag filename="ym-flag.gif">Yemen</Flag>
<Flag filename="za-flag.gif">Zambia</Flag>
<Flag filename="zi-flag.gif">Zimbabwe</Flag>
<Flag filename="tw-flag.gif">Taiwan</Flag>
<Flag filename="ee-flag.gif">European Union</Flag>
</Flags>